I,R,status,rank_ic_raw,rank_ic_vwpq,delta_rank_ic,n_common,n_dates,n_raw,n_vwpq,ensemble_n_equal,rankic_n_raw,rankic_n_vwpq,rankic_uses_n_common_only,common_key_equal_n,common_key_equal_n_note
5,5,complete,0.008332873885325612,0.008605667031688828,0.00027279314636321816,425670,487,425670,1158046,False,425670,425670,True,True,RankIC Δ uses n_common only (raw∩vwpq); common_key_equal_n reflects rankic_n_raw==rankic_n_vwpq==n_common; ensemble_n_equal is separate (may be False when partial images exist)
5,20,complete,-0.005577606048154825,-0.0005702520858143797,0.005007353962340443,99000,98,99000,113929,False,99000,99000,True,True,RankIC Δ uses n_common only (raw∩vwpq); common_key_equal_n reflects rankic_n_raw==rankic_n_vwpq==n_common; ensemble_n_equal is separate (may be False when partial images exist)
5,60,complete,-0.004307535217009161,0.0018787987900885103,0.006186334007097673,30947,30,30947,32001,False,30947,30947,True,True,RankIC Δ uses n_common only (raw∩vwpq); common_key_equal_n reflects rankic_n_raw==rankic_n_vwpq==n_common; ensemble_n_equal is separate (may be False when partial images exist)
20,5,complete,-0.015634263706509118,-0.013985629558951631,0.0016486341475574898,113929,112,113929,113929,True,113929,113929,True,True,RankIC Δ uses n_common only (raw∩vwpq); common_key_equal_n reflects rankic_n_raw==rankic_n_vwpq==n_common; ensemble_n_equal is separate (may be False when partial images exist)
20,20,complete,0.0017447572236309913,-0.004723427402118599,-0.006468184625749593,270788,263,270788,270788,True,270788,270788,True,True,RankIC Δ uses n_common only (raw∩vwpq); common_key_equal_n reflects rankic_n_raw==rankic_n_vwpq==n_common; ensemble_n_equal is separate (may be False when partial images exist)
20,60,complete,0.006593842844994435,0.0036576510103241496,-0.002936191834670288,89006,87,89006,89006,True,89006,89006,True,True,RankIC Δ uses n_common only (raw∩vwpq); common_key_equal_n reflects rankic_n_raw==rankic_n_vwpq==n_common; ensemble_n_equal is separate (may be False when partial images exist)
60,5,complete,0.02724013391270263,0.022354779413554127,-0.004885354499148498,32001,31,32001,32001,True,32001,32001,True,True,RankIC Δ uses n_common only (raw∩vwpq); common_key_equal_n reflects rankic_n_raw==rankic_n_vwpq==n_common; ensemble_n_equal is separate (may be False when partial images exist)
60,20,complete,0.009344993918115252,0.011269813857016756,0.0019248199389015062,89006,87,89006,89006,True,89006,89006,True,True,RankIC Δ uses n_common only (raw∩vwpq); common_key_equal_n reflects rankic_n_raw==rankic_n_vwpq==n_common; ensemble_n_equal is separate (may be False when partial images exist)
60,60,complete,0.018075409684942357,0.018943055181330937,0.0008676454963885855,89876,87,89876,89876,True,89876,89876,True,True,RankIC Δ uses n_common only (raw∩vwpq); common_key_equal_n reflects rankic_n_raw==rankic_n_vwpq==n_common; ensemble_n_equal is separate (may be False when partial images exist)
